timestamp,model,query,duration,response,metadata,documents
2025-05-23 14:30:17.039708,llama3.2:latest,How to create the data management plan?,12.842892408370972,"Create the data management plan using either the Word template at the bottom of this page or with the DPM Tuuli data management planning tool, which both contain instructions. Find the link to DMP Tuuli from the links-list.","{'model': 'llama3.2:latest', 'created_at': '2025-05-23T11:30:17.035330518Z', 'done': True, 'done_reason': 'stop', 'total_duration': 12838536943, 'load_duration': 11584954943, 'prompt_eval_count': 661, 'prompt_eval_duration': 479686396, 'eval_count': 47, 'eval_duration': 770174757, 'model_name': 'llama3.2:latest'}","[""The data management plan will complement the thesis plan, so avoid unnecessary duplication: include the data management plan as an annex to your thesis plan.\nCreating data management plan\nCreate the data management plan using either the Word template at the bottom of this page or with the DPM Tuuli data management planning tool. They both contain instructions. Find the link to DMP Tuuli from the links-list."", ""So proceed in the following order:\nCreate a thesis plan, attached by a data management plan. If the thesis is a literature review, you don\u2019t need a data management plan.\nApply the research permit, when necessary. Attach the data management plan and a possible research plan.\nBegin to collect data.\nStore the data appropriately (according to your plan) during the thesis process.\nArchive, open or dispose the data (according to your plan) when the thesis is completed.\nThe data management plan is part of the thesis plan\nThe purpose of the data management plan is to ensure that the thesis follows good scientific practice. It also aims to ensure that the research material is not compromised at any stage. In the data management plan, you will describe what data you will collect, how you will store and share it, any legal (e.g. data protection) or contractual issues, and what will happen to the data when the thesis is completed.""]"
2025-05-23 14:30:35.706671,phi3:latest,How to create the data management plan?,12.193084478378296,"Use either the Word template provided at the bottom of this page or with DMP Tuuli tool from links-list for creating a data management plan, which is part of your thesis plan. It should detail what type of empirical data you will collect and how to store it securely during research process until completion where appropriate archiving, sharing open access options, disposal as per the plan are carried out respecting legal or contractual issues surrounding handling such sensitive material throughout its life cycle in your thesis project.","{'model': 'phi3:latest', 'created_at': '2025-05-23T11:30:35.703733251Z', 'done': True, 'done_reason': 'stop', 'total_duration': 12191628415, 'load_duration': 9777745681, 'prompt_eval_count': 722, 'prompt_eval_duration': 628906646, 'eval_count': 105, 'eval_duration': 1783272311, 'model_name': 'phi3:latest'}","[""The data management plan will complement the thesis plan, so avoid unnecessary duplication: include the data management plan as an annex to your thesis plan.\nCreating data management plan\nCreate the data management plan using either the Word template at the bottom of this page or with the DPM Tuuli data management planning tool. They both contain instructions. Find the link to DMP Tuuli from the links-list."", ""So proceed in the following order:\nCreate a thesis plan, attached by a data management plan. If the thesis is a literature review, you don\u2019t need a data management plan.\nApply the research permit, when necessary. Attach the data management plan and a possible research plan.\nBegin to collect data.\nStore the data appropriately (according to your plan) during the thesis process.\nArchive, open or dispose the data (according to your plan) when the thesis is completed.\nThe data management plan is part of the thesis plan\nThe purpose of the data management plan is to ensure that the thesis follows good scientific practice. It also aims to ensure that the research material is not compromised at any stage. In the data management plan, you will describe what data you will collect, how you will store and share it, any legal (e.g. data protection) or contractual issues, and what will happen to the data when the thesis is completed.""]"
2025-05-23 14:31:01.963074,qwen3:4b,How to create the data management plan?,20.042814254760742,"<think>
Okay, the user is asking how to create a data management plan. Let me check the provided documents to find the answer.

Looking at the first document, it says: ""Create the data management plan using either the Word template at the bottom of this page or with the DPM Tuuli data management planning tool. They both contain instructions."" So that's a direct answer. Also, the documents mention that the plan should be attached as an annex to the thesis plan. Another part says the purpose is to ensure good scientific practice and describe data collection, storage, sharing, legal issues, and data handling after the thesis. But the question is specifically about how to create it, so the main points are using the templates or tools and attaching it to the thesis plan. I need to make sure not to add any extra information not in the documents. The answer should be concise, using the exact phrases from the documents. Let me confirm there's no other step mentioned. The documents also mention the order of proceeding: create thesis plan first, then the data management plan, then apply for permits, etc. But the question is about creating the plan, so the answer is using the templates or tools and attaching it as an annex. Also, the second document mentions that for a literature review, you don't need it, but that's not part of the creation process. So the answer is straightforward.
</think>

To create the data management plan, use either the Word template at the bottom of the page or the DPM Tuuli data management planning tool. Both include instructions. Attach the plan as an annex to your thesis plan. Ensure it describes data collection, storage, sharing, legal issues, and post-thesis data handling. Proceed in the order: create the thesis plan first, then the data management plan.","{'model': 'qwen3:4b', 'created_at': '2025-05-23T11:31:01.956812518Z', 'done': True, 'done_reason': 'stop', 'total_duration': 20040889127, 'load_duration': 11481226359, 'prompt_eval_count': 644, 'prompt_eval_duration': 581805373, 'eval_count': 365, 'eval_duration': 7973405961, 'model_name': 'qwen3:4b'}","[""The data management plan will complement the thesis plan, so avoid unnecessary duplication: include the data management plan as an annex to your thesis plan.\nCreating data management plan\nCreate the data management plan using either the Word template at the bottom of this page or with the DPM Tuuli data management planning tool. They both contain instructions. Find the link to DMP Tuuli from the links-list."", ""So proceed in the following order:\nCreate a thesis plan, attached by a data management plan. If the thesis is a literature review, you don\u2019t need a data management plan.\nApply the research permit, when necessary. Attach the data management plan and a possible research plan.\nBegin to collect data.\nStore the data appropriately (according to your plan) during the thesis process.\nArchive, open or dispose the data (according to your plan) when the thesis is completed.\nThe data management plan is part of the thesis plan\nThe purpose of the data management plan is to ensure that the thesis follows good scientific practice. It also aims to ensure that the research material is not compromised at any stage. In the data management plan, you will describe what data you will collect, how you will store and share it, any legal (e.g. data protection) or contractual issues, and what will happen to the data when the thesis is completed.""]"
2025-05-23 14:31:22.984877,llama3.2:latest,What does phase 2 of the thesis process include?,13.690938711166382,"Phase 2 of the thesis process includes ""Thesis implementation"" as mentioned in the document:

**Phase 2 (Two thirds of thesis completed) - Thesis implementation**

Bachelor 6 ECTS credits = 162 working hours. If you do your thesis 15 hours a week, it will take 10-11 weeks.
Master 10 ECTS credits = 270 working hours. If you do your thesis 15 hours a week, it will take 18 weeks.","{'model': 'llama3.2:latest', 'created_at': '2025-05-23T11:31:22.978633999Z', 'done': True, 'done_reason': 'stop', 'total_duration': 13689218505, 'load_duration': 11303602955, 'prompt_eval_count': 1189, 'prompt_eval_duration': 751928277, 'eval_count': 97, 'eval_duration': 1632736790, 'model_name': 'llama3.2:latest'}","[""## **Phase 3 (Thesis ready for assessment) - Thesis reporting and assessment ** Bachelor 4 ECTS credits = 108 working hours. If you do your thesis 15 hours a week, it will take 7 weeks. Master 10 ECTS credits = 270 working hours. If you do your thesis 15 hours a week, it will take 18 weeks. **Tasks contained in phase 3 ** Writing the thesis and the first draft of the whole work ready for preliminary examination. Final comments from the principal thesis tutor, the 2nd examiner and the commissioner. The commissioner needs 20 days (approx. three weeks) to get acquainted with your thesis, comment on it and write the commissioner's statement. Allow a total of about six weeks for review and corrections based on comments. **Also remember these final tasks ** \u2022 Agree on the thesis presentation with your principal thesis tutor. \u2022 Check that the final thesis name in Finnish and English is in the thesis information section in Wihi. \u2022 Agree on writing a maturity test with the principal thesis tutor during the preliminary examination. The maturity test must be approved when the thesis is assessed. \u2022 Submit the self-assessment and the statement of the commissioner to Wihi. In addition, master's students will also return a maturity test to Wihi. \u2022 Return the completed thesis to Wihi in Plagiarism Check field for checking text similarity and for archiving. \u2022 Save your thesis in Theseus and copy and save the Theseus link to Wihi. The assessment cannot be completed if the link is not in Wihi. **Last tasks before graduation ** \u2022 Get a PDF file of the thesis evaluation statement from Wihi, it will not be sent to you separately. \u2022 Check your study attainments in Peppi. \u2022 Apply for a certificate through electronic services.\n\n\n-----\n\n"", ""# **Thesis process scheduling, how much time do you need at different phases of the ** **thesis? **\n## **Previous studies ** Adequate knowledge of your field Studies of Research and Development (Bachelor) or studies of Research-based Development (Master) **Topic ideation ** Discuss the topic of the thesis with a career tutor, for example, or participate in topic brainstorming workshops, etc. **Prepare a topic proposal to Wihi ** https://wihi.jamk.fi You get the principal thesis tutor. **Schedule the thesis process in Wihi ** Bachelor 15 ECTS credits = 405 working hours. If you do your thesis 15 hours a week, it will take 27 weeks = 6-7 months. Master 30 ECTS credits = 810 working hours. If you do your thesis 15 hours a week, it will take 54 weeks = 13-14 months. **Phase 1 (One third of thesis completed) - Thesis plan ** Bachelor 3 ECTS credits = 81 working hours. If you do your thesis 15 hours a week, it will take 5-6 weeks. Master 7 ECTS credits = 189 working hours. If you do your thesis 15 hours a week, it will take 12-13 weeks. Bachelor: Thesis writing 2 cr = 54 working hours. If you do your thesis 15 hours a week, it will take 3-4 weeks. Master: Research Writing 3 cr = 81 working hours. If you do your thesis 15 hours a week, it will take 5-6 weeks. **Phase 2 (Two thirds of thesis completed) - Thesis implementation ** Bachelor 6 ECTS credits = 162 working hours. If you do your thesis 15 hours a week, it will take 10-11 weeks. Master 10 ECTS credits = 270 working hours. If you do your thesis 15 hours a week, it will take 18 weeks.\n\n\n-----\n\n""]"
2025-05-23 14:31:41.313209,phi3:latest,What does phase 2 of the thesis process include?,12.07526159286499,"Bachelor: Thesis writing for two cr = 54 working hours (3-4 weeks)  
Master: Research Writing for three cr = 81 working hours (5-6 weeks)   
Phase 2 includes thesis implementation, data management and storage during the process.","{'model': 'phi3:latest', 'created_at': '2025-05-23T11:31:41.310284855Z', 'done': True, 'done_reason': 'stop', 'total_duration': 12073546299, 'load_duration': 9736752727, 'prompt_eval_count': 1386, 'prompt_eval_duration': 1184098337, 'eval_count': 63, 'eval_duration': 1150984820, 'model_name': 'phi3:latest'}","[""## **Phase 3 (Thesis ready for assessment) - Thesis reporting and assessment ** Bachelor 4 ECTS credits = 108 working hours. If you do your thesis 15 hours a week, it will take 7 weeks. Master 10 ECTS credits = 270 working hours. If you do your thesis 15 hours a week, it will take 18 weeks. **Tasks contained in phase 3 ** Writing the thesis and the first draft of the whole work ready for preliminary examination. Final comments from the principal thesis tutor, the 2nd examiner and the commissioner. The commissioner needs 20 days (approx. three weeks) to get acquainted with your thesis, comment on it and write the commissioner's statement. Allow a total of about six weeks for review and corrections based on comments. **Also remember these final tasks ** \u2022 Agree on the thesis presentation with your principal thesis tutor. \u2022 Check that the final thesis name in Finnish and English is in the thesis information section in Wihi. \u2022 Agree on writing a maturity test with the principal thesis tutor during the preliminary examination. The maturity test must be approved when the thesis is assessed. \u2022 Submit the self-assessment and the statement of the commissioner to Wihi. In addition, master's students will also return a maturity test to Wihi. \u2022 Return the completed thesis to Wihi in Plagiarism Check field for checking text similarity and for archiving. \u2022 Save your thesis in Theseus and copy and save the Theseus link to Wihi. The assessment cannot be completed if the link is not in Wihi. **Last tasks before graduation ** \u2022 Get a PDF file of the thesis evaluation statement from Wihi, it will not be sent to you separately. \u2022 Check your study attainments in Peppi. \u2022 Apply for a certificate through electronic services.\n\n\n-----\n\n"", ""# **Thesis process scheduling, how much time do you need at different phases of the ** **thesis? **\n## **Previous studies ** Adequate knowledge of your field Studies of Research and Development (Bachelor) or studies of Research-based Development (Master) **Topic ideation ** Discuss the topic of the thesis with a career tutor, for example, or participate in topic brainstorming workshops, etc. **Prepare a topic proposal to Wihi ** https://wihi.jamk.fi You get the principal thesis tutor. **Schedule the thesis process in Wihi ** Bachelor 15 ECTS credits = 405 working hours. If you do your thesis 15 hours a week, it will take 27 weeks = 6-7 months. Master 30 ECTS credits = 810 working hours. If you do your thesis 15 hours a week, it will take 54 weeks = 13-14 months. **Phase 1 (One third of thesis completed) - Thesis plan ** Bachelor 3 ECTS credits = 81 working hours. If you do your thesis 15 hours a week, it will take 5-6 weeks. Master 7 ECTS credits = 189 working hours. If you do your thesis 15 hours a week, it will take 12-13 weeks. Bachelor: Thesis writing 2 cr = 54 working hours. If you do your thesis 15 hours a week, it will take 3-4 weeks. Master: Research Writing 3 cr = 81 working hours. If you do your thesis 15 hours a week, it will take 5-6 weeks. **Phase 2 (Two thirds of thesis completed) - Thesis implementation ** Bachelor 6 ECTS credits = 162 working hours. If you do your thesis 15 hours a week, it will take 10-11 weeks. Master 10 ECTS credits = 270 working hours. If you do your thesis 15 hours a week, it will take 18 weeks.\n\n\n-----\n\n""]"
2025-05-23 14:32:11.133076,qwen3:4b,What does phase 2 of the thesis process include?,22.916995763778687,"<think>
Okay, let's tackle this question. The user is asking what phase 2 of the thesis process includes, and they want the answer based only on the provided documents.

First, I need to look through the documents to find any mention of phase 2. The first document mentions ""Phase 2 (Two thirds of thesis completed) - Thesis implementation"" for both Bachelor and Master levels. It states that for Bachelor, it's 6 ECTS credits = 162 working hours, taking 10-11 weeks at 15 hours per week. For Master, it's 10 ECTS credits = 270 working hours, taking 18 weeks. But the actual tasks aren't detailed here.

Looking at the second document, it has a section titled ""Thesis process scheduling..."" which includes Phase 1 and Phase 2. Under Phase 2, it says ""Thesis implementation"" and lists the hours again. However, the tasks for phase 2 aren't explicitly stated here either. The third document talks about the process order: creating a thesis plan, applying for a research permit, collecting data, storing it, etc. But that's more about the general process rather than specific phases.

Wait, the first document under ""Tasks contained in phase 3"" mentions tasks like writing the thesis, getting comments, etc. But phase 2 isn't detailed there. The second document's phase 2 is only about the credit hours and time, not the tasks. The third document's steps are more about the overall process but not specifically phase 2 tasks.

Hmm, the user is asking for what phase 2 includes. The documents don't explicitly list the tasks for phase 2. The first document mentions phase 3 tasks, but phase 2 isn't detailed. The second document only gives the time and credits for phase 2. The third document's steps are more general. So, based on the documents, there's no explicit information on what phase 2 includes. The answer would be that there's not enough information because the documents don't specify the tasks for phase 2, only the time and credit requirements.
</think>

I do not have enough information to answer this question based on the provided sources.","{'model': 'qwen3:4b', 'created_at': '2025-05-23T11:32:11.129436205Z', 'done': True, 'done_reason': 'stop', 'total_duration': 22915317414, 'load_duration': 11187860546, 'prompt_eval_count': 1214, 'prompt_eval_duration': 1024477342, 'eval_count': 460, 'eval_duration': 10701026436, 'model_name': 'qwen3:4b'}","[""## **Phase 3 (Thesis ready for assessment) - Thesis reporting and assessment ** Bachelor 4 ECTS credits = 108 working hours. If you do your thesis 15 hours a week, it will take 7 weeks. Master 10 ECTS credits = 270 working hours. If you do your thesis 15 hours a week, it will take 18 weeks. **Tasks contained in phase 3 ** Writing the thesis and the first draft of the whole work ready for preliminary examination. Final comments from the principal thesis tutor, the 2nd examiner and the commissioner. The commissioner needs 20 days (approx. three weeks) to get acquainted with your thesis, comment on it and write the commissioner's statement. Allow a total of about six weeks for review and corrections based on comments. **Also remember these final tasks ** \u2022 Agree on the thesis presentation with your principal thesis tutor. \u2022 Check that the final thesis name in Finnish and English is in the thesis information section in Wihi. \u2022 Agree on writing a maturity test with the principal thesis tutor during the preliminary examination. The maturity test must be approved when the thesis is assessed. \u2022 Submit the self-assessment and the statement of the commissioner to Wihi. In addition, master's students will also return a maturity test to Wihi. \u2022 Return the completed thesis to Wihi in Plagiarism Check field for checking text similarity and for archiving. \u2022 Save your thesis in Theseus and copy and save the Theseus link to Wihi. The assessment cannot be completed if the link is not in Wihi. **Last tasks before graduation ** \u2022 Get a PDF file of the thesis evaluation statement from Wihi, it will not be sent to you separately. \u2022 Check your study attainments in Peppi. \u2022 Apply for a certificate through electronic services.\n\n\n-----\n\n"", ""# **Thesis process scheduling, how much time do you need at different phases of the ** **thesis? **\n## **Previous studies ** Adequate knowledge of your field Studies of Research and Development (Bachelor) or studies of Research-based Development (Master) **Topic ideation ** Discuss the topic of the thesis with a career tutor, for example, or participate in topic brainstorming workshops, etc. **Prepare a topic proposal to Wihi ** https://wihi.jamk.fi You get the principal thesis tutor. **Schedule the thesis process in Wihi ** Bachelor 15 ECTS credits = 405 working hours. If you do your thesis 15 hours a week, it will take 27 weeks = 6-7 months. Master 30 ECTS credits = 810 working hours. If you do your thesis 15 hours a week, it will take 54 weeks = 13-14 months. **Phase 1 (One third of thesis completed) - Thesis plan ** Bachelor 3 ECTS credits = 81 working hours. If you do your thesis 15 hours a week, it will take 5-6 weeks. Master 7 ECTS credits = 189 working hours. If you do your thesis 15 hours a week, it will take 12-13 weeks. Bachelor: Thesis writing 2 cr = 54 working hours. If you do your thesis 15 hours a week, it will take 3-4 weeks. Master: Research Writing 3 cr = 81 working hours. If you do your thesis 15 hours a week, it will take 5-6 weeks. **Phase 2 (Two thirds of thesis completed) - Thesis implementation ** Bachelor 6 ECTS credits = 162 working hours. If you do your thesis 15 hours a week, it will take 10-11 weeks. Master 10 ECTS credits = 270 working hours. If you do your thesis 15 hours a week, it will take 18 weeks.\n\n\n-----\n\n""]"
2025-05-23 14:32:30.572937,llama3.2:latest,How to name thesis when the work has only one author?,11.920423984527588,Lastname_Firstname,"{'model': 'llama3.2:latest', 'created_at': '2025-05-23T11:32:30.570195661Z', 'done': True, 'done_reason': 'stop', 'total_duration': 11918372261, 'load_duration': 11257791267, 'prompt_eval_count': 897, 'prompt_eval_duration': 586446632, 'eval_count': 5, 'eval_duration': 71868191, 'model_name': 'llama3.2:latest'}","[""See the video below on how to publish your thesis in the Theseus collection.\nOops! This video will not be shown because you have disabled the marketing cookies. To see the video, accept marketing cookies.\nFile format PDF/A\nPublish your thesis in PDF/A format. This is NOT the same file format that you use for Wihi. See the links on how to convert the file.Also, note that the name of the file will appear as such on the public website.\nIf the work has only one author, the filename is: Lastname_Firstname\nIf the work has more than one author, the filename is: Lastname_Lastname\nNB: This instruction only applies to the file to be saved to Theseus. Naming convention in submitting the work in Wihi is in section Return the thesis (see the links!).\nTheseus can only store files up to 75 megabytes in size. Contact the Jamk library if your thesis is larger or if your thesis has e.g. an external recording as a separate attachment.\nCopying and saving the Theseus link to Wihi"", ""Parenthetical citation: (Wilson-Harris, 2020)\nNarrative citation: Wilson-Harris (2020)\nFurther information and examples from APA Style\nBook review\nNjau, L.S., & Isuja, S.P. (2019). [Review of the book The challenge for Africa, by W. Maathai]. International Journal of Knowledge, Innovation & Entrepreneurship, 7(1), pp. 93\u201395. Retrieved from https://www.ijkie.org\nIf the DOI is available, use it. Otherwise, use the URL of the journal\u2019s homepage preceded by Retrieved from.\nParenthetical citation: (Njau & Isuja, 2019)\nNarrative citation: Njau and Isuja (2019)\nPublished dissertation or thesis\nBalazs, M. (2020). Internationalization of a health care mobile application: Case study of Onerva Hoivaviestint\u00e4 Oy. [Master\u2019s thesis, Jamk University of Applied Sciences]. Theseus. http://urn.fi/URN:NBN:fi:amk\u20132020070519503\nParenthetical citation: (Balazs, 2020)\nNarrative citation: Balazs (2020)\nFurther information and examples from APA Style\nData Sets\nData set""]"
2025-05-23 14:32:47.510773,phi3:latest,How to name thesis when the work has only one author?,10.674450397491455,Lastname_Firstname,"{'model': 'phi3:latest', 'created_at': '2025-05-23T11:32:47.507575459Z', 'done': True, 'done_reason': 'stop', 'total_duration': 10672609032, 'load_duration': 9676075172, 'prompt_eval_count': 1040, 'prompt_eval_duration': 899223657, 'eval_count': 6, 'eval_duration': 90875485, 'model_name': 'phi3:latest'}","[""See the video below on how to publish your thesis in the Theseus collection.\nOops! This video will not be shown because you have disabled the marketing cookies. To see the video, accept marketing cookies.\nFile format PDF/A\nPublish your thesis in PDF/A format. This is NOT the same file format that you use for Wihi. See the links on how to convert the file.Also, note that the name of the file will appear as such on the public website.\nIf the work has only one author, the filename is: Lastname_Firstname\nIf the work has more than one author, the filename is: Lastname_Lastname\nNB: This instruction only applies to the file to be saved to Theseus. Naming convention in submitting the work in Wihi is in section Return the thesis (see the links!).\nTheseus can only store files up to 75 megabytes in size. Contact the Jamk library if your thesis is larger or if your thesis has e.g. an external recording as a separate attachment.\nCopying and saving the Theseus link to Wihi"", ""Parenthetical citation: (Wilson-Harris, 2020)\nNarrative citation: Wilson-Harris (2020)\nFurther information and examples from APA Style\nBook review\nNjau, L.S., & Isuja, S.P. (2019). [Review of the book The challenge for Africa, by W. Maathai]. International Journal of Knowledge, Innovation & Entrepreneurship, 7(1), pp. 93\u201395. Retrieved from https://www.ijkie.org\nIf the DOI is available, use it. Otherwise, use the URL of the journal\u2019s homepage preceded by Retrieved from.\nParenthetical citation: (Njau & Isuja, 2019)\nNarrative citation: Njau and Isuja (2019)\nPublished dissertation or thesis\nBalazs, M. (2020). Internationalization of a health care mobile application: Case study of Onerva Hoivaviestint\u00e4 Oy. [Master\u2019s thesis, Jamk University of Applied Sciences]. Theseus. http://urn.fi/URN:NBN:fi:amk\u20132020070519503\nParenthetical citation: (Balazs, 2020)\nNarrative citation: Balazs (2020)\nFurther information and examples from APA Style\nData Sets\nData set""]"
2025-05-23 14:33:11.041064,qwen3:4b,How to name thesis when the work has only one author?,17.162697792053223,"<think>
Okay, let's see. The user is asking how to name a thesis when it has only one author. I need to look through the provided documents to find the exact information.

Looking at the first document, there's a section about file naming. It says: ""If the work has only one author, the filename is: Lastname_Firstname"". That seems direct. Let me check if there's any other mention. The same document also talks about multiple authors, but the question is about one author. The other documents discuss citations and publishing steps, but the naming convention is specifically mentioned here. 

I should make sure there's no conflicting information. The second document mentions APA style citations, but that's about in-text citations, not file names. The third document talks about applying for a degree certificate and publishing, but the filename instruction is in the first document. 

So the answer should be exactly as stated in the first document: Lastname_Firstname. No need to add anything else. The user wants a concise answer using the documents only.
</think>

The filename for a thesis with only one author is: **Lastname_Firstname**.","{'model': 'qwen3:4b', 'created_at': '2025-05-23T11:33:11.038019486Z', 'done': True, 'done_reason': 'stop', 'total_duration': 17161234606, 'load_duration': 11201894432, 'prompt_eval_count': 908, 'prompt_eval_duration': 774938797, 'eval_count': 234, 'eval_duration': 5182217567, 'model_name': 'qwen3:4b'}","[""See the video below on how to publish your thesis in the Theseus collection.\nOops! This video will not be shown because you have disabled the marketing cookies. To see the video, accept marketing cookies.\nFile format PDF/A\nPublish your thesis in PDF/A format. This is NOT the same file format that you use for Wihi. See the links on how to convert the file.Also, note that the name of the file will appear as such on the public website.\nIf the work has only one author, the filename is: Lastname_Firstname\nIf the work has more than one author, the filename is: Lastname_Lastname\nNB: This instruction only applies to the file to be saved to Theseus. Naming convention in submitting the work in Wihi is in section Return the thesis (see the links!).\nTheseus can only store files up to 75 megabytes in size. Contact the Jamk library if your thesis is larger or if your thesis has e.g. an external recording as a separate attachment.\nCopying and saving the Theseus link to Wihi"", ""Parenthetical citation: (Wilson-Harris, 2020)\nNarrative citation: Wilson-Harris (2020)\nFurther information and examples from APA Style\nBook review\nNjau, L.S., & Isuja, S.P. (2019). [Review of the book The challenge for Africa, by W. Maathai]. International Journal of Knowledge, Innovation & Entrepreneurship, 7(1), pp. 93\u201395. Retrieved from https://www.ijkie.org\nIf the DOI is available, use it. Otherwise, use the URL of the journal\u2019s homepage preceded by Retrieved from.\nParenthetical citation: (Njau & Isuja, 2019)\nNarrative citation: Njau and Isuja (2019)\nPublished dissertation or thesis\nBalazs, M. (2020). Internationalization of a health care mobile application: Case study of Onerva Hoivaviestint\u00e4 Oy. [Master\u2019s thesis, Jamk University of Applied Sciences]. Theseus. http://urn.fi/URN:NBN:fi:amk\u20132020070519503\nParenthetical citation: (Balazs, 2020)\nNarrative citation: Balazs (2020)\nFurther information and examples from APA Style\nData Sets\nData set""]"
2025-05-23 14:33:29.855924,llama3.2:latest,How to write parenthetical citation in book review?,11.459608554840088,"(Brown, 2011; Styhre and Sundgren, 2011)","{'model': 'llama3.2:latest', 'created_at': '2025-05-23T11:33:29.852962872Z', 'done': True, 'done_reason': 'stop', 'total_duration': 11458184858, 'load_duration': 10494177212, 'prompt_eval_count': 1026, 'prompt_eval_duration': 653854044, 'eval_count': 19, 'eval_duration': 307572567, 'model_name': 'llama3.2:latest'}","[""Parenthetical citation: (Wilson-Harris, 2020)\nNarrative citation: Wilson-Harris (2020)\nFurther information and examples from APA Style\nBook review\nNjau, L.S., & Isuja, S.P. (2019). [Review of the book The challenge for Africa, by W. Maathai]. International Journal of Knowledge, Innovation & Entrepreneurship, 7(1), pp. 93\u201395. Retrieved from https://www.ijkie.org\nIf the DOI is available, use it. Otherwise, use the URL of the journal\u2019s homepage preceded by Retrieved from.\nParenthetical citation: (Njau & Isuja, 2019)\nNarrative citation: Njau and Isuja (2019)\nPublished dissertation or thesis\nBalazs, M. (2020). Internationalization of a health care mobile application: Case study of Onerva Hoivaviestint\u00e4 Oy. [Master\u2019s thesis, Jamk University of Applied Sciences]. Theseus. http://urn.fi/URN:NBN:fi:amk\u20132020070519503\nParenthetical citation: (Balazs, 2020)\nNarrative citation: Balazs (2020)\nFurther information and examples from APA Style\nData Sets\nData set"", ""Parenthetical citation: (Barbieri & Scherer, 2012)\nNarrative citation: Barbieri and Scherer, 2012\nFurther information and examples from APA Style\nJournal article\nAdedeji, K. A., Raji, N. A., Oyetunji, E. O., & Ishola, B. (2020). Design and fabrication of a motorized rice hulling machine. Journal of Mechanical Engineering Research, 11(1), 1\u201310. https://doi.org/10.5897/JMER2019.0510\nParenthetical citation: (Adedeji et al., 2020)\nNarrative citation: Adedeji et al. (2020)\nFurther information and examples from APA Style\nNewspaper article\nWilson-Harris, N. (2020, August 4). Dreadlocked girl gets green light from Kensington. The Gleaner. http://jamaica-gleaner.com/article/lead-stories/20200804/dreadlocked-girl-gets-green-light-kensington\nParenthetical citation: (Wilson-Harris, 2020)\nNarrative citation: Wilson-Harris (2020)\nFurther information and examples from APA Style\nBook review""]"
2025-05-23 14:33:50.294433,phi3:latest,How to write parenthetical citation in book review?,14.11599349975586,"Parenthetical citation style is used within the text of an essay, paper, or article when referring to a source. It enables readers to find that information easily without interrupting their reading flow by providing immediate and direct access points to your references in parentheses following specific phrases like quotes, paraphrases, or summaries from another work you cite directly within the body of text (Njau & Isuja, 2019; Barbieri & Scherer, 2012). The parenthetical citations should include both authors' last names and publication year for sources with multiple authors. When referencing a book review in an article or essay using this citation style:
(Njau & Isuja, 2019; Wilson-Harris, 2020)","{'model': 'phi3:latest', 'created_at': '2025-05-23T11:33:50.291251122Z', 'done': True, 'done_reason': 'stop', 'total_duration': 14114434402, 'load_duration': 9772354365, 'prompt_eval_count': 1301, 'prompt_eval_duration': 1104883144, 'eval_count': 176, 'eval_duration': 3235163912, 'model_name': 'phi3:latest'}","[""Parenthetical citation: (Wilson-Harris, 2020)\nNarrative citation: Wilson-Harris (2020)\nFurther information and examples from APA Style\nBook review\nNjau, L.S., & Isuja, S.P. (2019). [Review of the book The challenge for Africa, by W. Maathai]. International Journal of Knowledge, Innovation & Entrepreneurship, 7(1), pp. 93\u201395. Retrieved from https://www.ijkie.org\nIf the DOI is available, use it. Otherwise, use the URL of the journal\u2019s homepage preceded by Retrieved from.\nParenthetical citation: (Njau & Isuja, 2019)\nNarrative citation: Njau and Isuja (2019)\nPublished dissertation or thesis\nBalazs, M. (2020). Internationalization of a health care mobile application: Case study of Onerva Hoivaviestint\u00e4 Oy. [Master\u2019s thesis, Jamk University of Applied Sciences]. Theseus. http://urn.fi/URN:NBN:fi:amk\u20132020070519503\nParenthetical citation: (Balazs, 2020)\nNarrative citation: Balazs (2020)\nFurther information and examples from APA Style\nData Sets\nData set"", ""Parenthetical citation: (Barbieri & Scherer, 2012)\nNarrative citation: Barbieri and Scherer, 2012\nFurther information and examples from APA Style\nJournal article\nAdedeji, K. A., Raji, N. A., Oyetunji, E. O., & Ishola, B. (2020). Design and fabrication of a motorized rice hulling machine. Journal of Mechanical Engineering Research, 11(1), 1\u201310. https://doi.org/10.5897/JMER2019.0510\nParenthetical citation: (Adedeji et al., 2020)\nNarrative citation: Adedeji et al. (2020)\nFurther information and examples from APA Style\nNewspaper article\nWilson-Harris, N. (2020, August 4). Dreadlocked girl gets green light from Kensington. The Gleaner. http://jamaica-gleaner.com/article/lead-stories/20200804/dreadlocked-girl-gets-green-light-kensington\nParenthetical citation: (Wilson-Harris, 2020)\nNarrative citation: Wilson-Harris (2020)\nFurther information and examples from APA Style\nBook review""]"
2025-05-23 14:34:20.278974,qwen3:4b,How to write parenthetical citation in book review?,23.798192977905273,"<think>
Okay, the user is asking how to write a parenthetical citation in a book review, and they want the answer based only on the provided documents. Let me check the documents to find relevant information.

Looking at the first document, there's a section on book reviews. It mentions a citation example: Njau, L.S., & Isuja, S.P. (2019). [Review of the book The challenge for Africa, by W. Maathai]. International Journal of Knowledge, Innovation & Entrepreneurship, 7(1), pp. 93â€“95. Retrieved from https://www.ijkie.org. The parenthetical citation here is (Njau & Isuja, 2019). 

Another part of the document lists parenthetical citations for other sources, like (Balazs, 2020) for a dissertation and (Wilson-Harris, 2020) for a newspaper article. The third document mentions that in the 2020-2021 academic year, APA Seventh Edition is used, and there's an example of a whole authored book with parenthetical citation (Brown, 2011; Styhre & Sundgren, 2011). 

So, the key point is that in a book review, the parenthetical citation would include the authors' last names and the year, like (Njau & Isuja, 2019). The example from the document shows that when reviewing a book, the citation in the text is the reviewers' names and the year. The URL is included in the reference list, but the parenthetical citation in the text is just the authors and year. 

I need to make sure not to include any other information. The answer should be exactly as per the documents. The example given in the first document for the book review is (Njau & Isuja, 2019). So the answer is that the parenthetical citation in a book review is the authors' last names and the year, as shown in the example.
</think>

The parenthetical citation in a book review is written as (Author Last Name, Year). For example, (Njau & Isuja, 2019) is used to cite a review of a book in the text.","{'model': 'qwen3:4b', 'created_at': '2025-05-23T11:34:20.275335342Z', 'done': True, 'done_reason': 'stop', 'total_duration': 23796247204, 'load_duration': 11479673001, 'prompt_eval_count': 1105, 'prompt_eval_duration': 928979382, 'eval_count': 491, 'eval_duration': 11386934616, 'model_name': 'qwen3:4b'}","[""Parenthetical citation: (Wilson-Harris, 2020)\nNarrative citation: Wilson-Harris (2020)\nFurther information and examples from APA Style\nBook review\nNjau, L.S., & Isuja, S.P. (2019). [Review of the book The challenge for Africa, by W. Maathai]. International Journal of Knowledge, Innovation & Entrepreneurship, 7(1), pp. 93\u201395. Retrieved from https://www.ijkie.org\nIf the DOI is available, use it. Otherwise, use the URL of the journal\u2019s homepage preceded by Retrieved from.\nParenthetical citation: (Njau & Isuja, 2019)\nNarrative citation: Njau and Isuja (2019)\nPublished dissertation or thesis\nBalazs, M. (2020). Internationalization of a health care mobile application: Case study of Onerva Hoivaviestint\u00e4 Oy. [Master\u2019s thesis, Jamk University of Applied Sciences]. Theseus. http://urn.fi/URN:NBN:fi:amk\u20132020070519503\nParenthetical citation: (Balazs, 2020)\nNarrative citation: Balazs (2020)\nFurther information and examples from APA Style\nData Sets\nData set"", ""Parenthetical citation: (Barbieri & Scherer, 2012)\nNarrative citation: Barbieri and Scherer, 2012\nFurther information and examples from APA Style\nJournal article\nAdedeji, K. A., Raji, N. A., Oyetunji, E. O., & Ishola, B. (2020). Design and fabrication of a motorized rice hulling machine. Journal of Mechanical Engineering Research, 11(1), 1\u201310. https://doi.org/10.5897/JMER2019.0510\nParenthetical citation: (Adedeji et al., 2020)\nNarrative citation: Adedeji et al. (2020)\nFurther information and examples from APA Style\nNewspaper article\nWilson-Harris, N. (2020, August 4). Dreadlocked girl gets green light from Kensington. The Gleaner. http://jamaica-gleaner.com/article/lead-stories/20200804/dreadlocked-girl-gets-green-light-kensington\nParenthetical citation: (Wilson-Harris, 2020)\nNarrative citation: Wilson-Harris (2020)\nFurther information and examples from APA Style\nBook review""]"
